Timer,X,Y,Z
"975","2981","8917","1850"
"975","2981","8917","1850"
"975","2981","8917","1850"
"975","2981","8917","1850"
"975","2981","8917","1850"
"975","2981","8917","1850"
"1032","2980","8937","1865"
"1032","2980","8937","1865"
"1032","2980","8937","1865"
"1032","2980","8937","1865"
"1032","2980","8937","1865"
"1032","2980","8937","1865"
"1032","2980","8937","1865"
"1032","2980","8937","1865"
"1032","2980","8937","1865"
"1032","2980","8937","1865"
"1086","3007","8929","1854"
"1086","3007","8929","1854"
"1086","3007","8929","1854"
"1086","3007","8929","1854"
"1086","3007","8929","1854"
"1086","3007","8929","1854"
"1086","3007","8929","1854"
"1086","3007","8929","1854"
"1086","3007","8929","1854"
"1086","3007","8929","1854"
"1139","2988","8917","1853"
"1139","2988","8917","1853"
"1139","2988","8917","1853"
"1139","2988","8917","1853"
"1139","2988","8917","1853"
"1139","2988","8917","1853"
"1139","2988","8917","1853"
"1139","2988","8917","1853"
"1139","2988","8917","1853"
"1139","2988","8917","1853"
"1139","2988","8917","1853"
"1139","2988","8917","1853"
"1192","2979","8940","1861"
"1192","2979","8940","1861"
"1192","2979","8940","1861"
"1192","2979","8940","1861"
"1192","2979","8940","1861"
"1192","2979","8940","1861"
"1192","2979","8940","1861"
"1192","2979","8940","1861"
"1192","2979","8940","1861"
"1192","2979","8940","1861"
"1192","2979","8940","1861"
"1192","2979","8940","1861"
"1249","2969","8911","1850"
"1249","2969","8911","1850"
"1249","2969","8911","1850"
"1249","2969","8911","1850"
"1249","2969","8911","1850"
"1249","2969","8911","1850"
"1249","2969","8911","1850"
"1249","2969","8911","1850"
"1249","2969","8911","1850"
"1249","2969","8911","1850"
"1303","3001","8923","1856"
"1303","3001","8923","1856"
"1303","3001","8923","1856"
"1303","3001","8923","1856"
"1303","3001","8923","1856"
"1303","3001","8923","1856"
"1303","3001","8923","1856"
"1303","3001","8923","1856"
"1303","3001","8923","1856"
"1303","3001","8923","1856"
"1356","2981","8923","1843"
"1356","2981","8923","1843"
"1356","2981","8923","1843"
"1356","2981","8923","1843"
"1356","2981","8923","1843"
"1356","2981","8923","1843"
"1356","2981","8923","1843"
"1356","2981","8923","1843"
"1356","2981","8923","1843"
"1356","2981","8923","1843"
"1409","3001","8941","1874"
"1409","3001","8941","1874"
"1409","3001","8941","1874"
"1409","3001","8941","1874"
"1409","3001","8941","1874"
"1409","3001","8941","1874"
"1409","3001","8941","1874"
"1409","3001","8941","1874"
"1409","3001","8941","1874"
"1409","3001","8941","1874"
"1409","3001","8941","1874"
"1409","3001","8941","1874"
"1462","2992","8911","1848"
"1462","2992","8911","1848"
"1462","2992","8911","1848"
"1462","2992","8911","1848"
"1462","2992","8911","1848"
"1462","2992","8911","1848"
"1462","2992","8911","1848"
"1462","2992","8911","1848"
"1462","2992","8911","1848"
"1462","2992","8911","1848"
"1520","2976","8913","1855"
"1520","2976","8913","1855"
"1520","2976","8913","1855"
"1520","2976","8913","1855"
"1520","2976","8913","1855"
"1520","2976","8913","1855"
"1520","2976","8913","1855"
"1520","2976","8913","1855"
"1520","2976","8913","1855"
"1520","2976","8913","1855"
"1520","2976","8913","1855"
"1520","2976","8913","1855"
"1573","2992","8940","1853"
"1573","2992","8940","1853"
"1573","2992","8940","1853"
"1573","2992","8940","1853"
"1573","2992","8940","1853"
"1573","2992","8940","1853"
"1573","2992","8940","1853"
"1573","2992","8940","1853"
"1573","2992","8940","1853"
"1573","2992","8940","1853"
"1626","2998","8916","1846"
"1626","2998","8916","1846"
"1626","2998","8916","1846"
"1626","2998","8916","1846"
"1626","2998","8916","1846"
"1626","2998","8916","1846"
"1626","2998","8916","1846"
"1626","2998","8916","1846"
"1626","2998","8916","1846"
"1626","2998","8916","1846"
"1680","2987","8901","1858"
"1680","2987","8901","1858"
"1680","2987","8901","1858"
"1680","2987","8901","1858"
"1680","2987","8901","1858"
"1680","2987","8901","1858"
"1680","2987","8901","1858"
"1680","2987","8901","1858"
"1680","2987","8901","1858"
"1680","2987","8901","1858"
"1680","2987","8901","1858"
"1680","2987","8901","1858"
"1733","2974","8888","1844"
"1733","2974","8888","1844"
"1733","2974","8888","1844"
"1733","2974","8888","1844"
"1733","2974","8888","1844"
"1733","2974","8888","1844"
"1733","2974","8888","1844"
"1733","2974","8888","1844"
"1733","2974","8888","1844"
"1733","2974","8888","1844"
"1790","2982","8927","1850"
"1790","2982","8927","1850"
"1790","2982","8927","1850"
"1790","2982","8927","1850"
"1790","2982","8927","1850"
"1790","2982","8927","1850"
"1790","2982","8927","1850"
"1790","2982","8927","1850"
"1790","2982","8927","1850"
"1790","2982","8927","1850"
"1790","2982","8927","1850"
"1790","2982","8927","1850"
"1843","2996","8904","1844"
"1843","2996","8904","1844"
"1843","2996","8904","1844"
"1843","2996","8904","1844"
"1843","2996","8904","1844"
"1843","2996","8904","1844"
"1843","2996","8904","1844"
"1843","2996","8904","1844"
"1843","2996","8904","1844"
"1843","2996","8904","1844"
"1897","2988","8935","1861"
"1897","2988","8935","1861"
"1897","2988","8935","1861"
"1897","2988","8935","1861"
"1897","2988","8935","1861"
"1897","2988","8935","1861"
"1897","2988","8935","1861"
"1897","2988","8935","1861"
"1897","2988","8935","1861"
"1897","2988","8935","1861"
"1897","2988","8935","1861"
"1897","2988","8935","1861"
"1954","2982","8919","1852"
"1954","2982","8919","1852"
"1954","2982","8919","1852"
"1954","2982","8919","1852"
"1954","2982","8919","1852"
"1954","2982","8919","1852"
"1954","2982","8919","1852"
"1954","2982","8919","1852"
"1954","2982","8919","1852"
"1954","2982","8919","1852"
"1954","2982","8919","1852"
"1954","2982","8919","1852"
"2007","2997","8905","1849"
"2007","2997","8905","1849"
"2007","2997","8905","1849"
"2007","2997","8905","1849"
"2007","2997","8905","1849"
"2007","2997","8905","1849"
"2007","2997","8905","1849"
"2007","2997","8905","1849"
"2007","2997","8905","1849"
"2007","2997","8905","1849"
"2060","3008","8944","1868"
"2060","3008","8944","1868"
"2060","3008","8944","1868"
"2060","3008","8944","1868"
"2060","3008","8944","1868"
"2060","3008","8944","1868"
"2060","3008","8944","1868"
"2060","3008","8944","1868"
"2060","3008","8944","1868"
"2060","3008","8944","1868"
"2118","3036","8933","1850"
"2118","3036","8933","1850"
"2118","3036","8933","1850"
"2118","3036","8933","1850"
"2118","3036","8933","1850"
"2118","3036","8933","1850"
"2118","3036","8933","1850"
"2118","3036","8933","1850"
"2118","3036","8933","1850"
"2118","3036","8933","1850"
"2118","3036","8933","1850"
"2118","3036","8933","1850"
"2171","3057","8893","1847"
"2171","3057","8893","1847"
"2171","3057","8893","1847"
"2171","3057","8893","1847"
"2171","3057","8893","1847"
"2171","3057","8893","1847"
"2171","3057","8893","1847"
"2171","3057","8893","1847"
"2171","3057","8893","1847"
"2171","3057","8893","1847"
"2171","3057","8893","1847"
"2171","3057","8893","1847"
"2232","3045","8936","1853"
"2232","3045","8936","1853"
"2232","3045","8936","1853"
"2232","3045","8936","1853"
"2232","3045","8936","1853"
"2232","3045","8936","1853"
"2232","3045","8936","1853"
"2232","3045","8936","1853"
"2232","3045","8936","1853"
"2232","3045","8936","1853"
"2232","3045","8936","1853"
"2232","3045","8936","1853"
"2294","3009","8907","1850"
"2294","3009","8907","1850"
"2294","3009","8907","1850"
"2294","3009","8907","1850"
"2294","3009","8907","1850"
"2294","3009","8907","1850"
"2294","3009","8907","1850"
"2294","3009","8907","1850"
"2294","3009","8907","1850"
"2294","3009","8907","1850"
"2294","3009","8907","1850"
"2294","3009","8907","1850"
"2347","3042","8905","1845"
"2347","3042","8905","1845"
"2347","3042","8905","1845"
"2347","3042","8905","1845"
"2347","3042","8905","1845"
"2347","3042","8905","1845"
"2347","3042","8905","1845"
"2347","3042","8905","1845"
"2347","3042","8905","1845"
"2347","3042","8905","1845"
"2400","3026","8917","1854"
"2400","3026","8917","1854"
"2400","3026","8917","1854"
"2400","3026","8917","1854"
"2400","3026","8917","1854"
"2400","3026","8917","1854"
"2400","3026","8917","1854"
"2400","3026","8917","1854"
"2400","3026","8917","1854"
"2400","3026","8917","1854"
"2454","3038","8917","1843"
"2454","3038","8917","1843"
"2454","3038","8917","1843"
"2454","3038","8917","1843"
"2454","3038","8917","1843"
"2454","3038","8917","1843"
"2454","3038","8917","1843"
"2454","3038","8917","1843"
"2454","3038","8917","1843"
"2454","3038","8917","1843"
"2454","3038","8917","1843"
"2454","3038","8917","1843"
"2515","3204","9102","940"
"2515","3204","9102","940"
"2515","3204","9102","940"
"2515","3204","9102","940"
"2515","3204","9102","940"
"2515","3204","9102","940"
"2515","3204","9102","940"
"2515","3204","9102","940"
"2515","3204","9102","940"
"2515","3204","9102","940"
"2515","3204","9102","940"
"2515","3204","9102","940"
"2577","3042","8928","1857"
"2577","3042","8928","1857"
"2577","3042","8928","1857"
"2577","3042","8928","1857"
"2577","3042","8928","1857"
"2577","3042","8928","1857"
"2577","3042","8928","1857"
"2577","3042","8928","1857"
"2577","3042","8928","1857"
"2577","3042","8928","1857"
"2577","3042","8928","1857"
"2577","3042","8928","1857"
"2577","3042","8928","1857"
"2577","3042","8928","1857"
"2638","3026","8939","1863"
"2638","3026","8939","1863"
"2638","3026","8939","1863"
"2638","3026","8939","1863"
"2638","3026","8939","1863"
"2638","3026","8939","1863"
"2638","3026","8939","1863"
"2638","3026","8939","1863"
"2638","3026","8939","1863"
"2638","3026","8939","1863"
"2638","3026","8939","1863"
"2638","3026","8939","1863"
"2699","3007","8893","1857"
"2699","3007","8893","1857"
"2699","3007","8893","1857"
"2699","3007","8893","1857"
"2699","3007","8893","1857"
"2699","3007","8893","1857"
"2699","3007","8893","1857"
"2699","3007","8893","1857"
"2699","3007","8893","1857"
"2699","3007","8893","1857"
"2753","3042","8932","1863"
"2753","3042","8932","1863"
"2753","3042","8932","1863"
"2753","3042","8932","1863"
"2753","3042","8932","1863"
"2753","3042","8932","1863"
"2753","3042","8932","1863"
"2753","3042","8932","1863"
"2753","3042","8932","1863"
"2753","3042","8932","1863"
"2753","3042","8932","1863"
"2753","3042","8932","1863"
"2814","3489","8942","4795"
"2814","3489","8942","4795"
"2814","3489","8942","4795"
"2814","3489","8942","4795"
"2814","3489","8942","4795"
"2814","3489","8942","4795"
"2814","3489","8942","4795"
"2814","3489","8942","4795"
"2814","3489","8942","4795"
"2814","3489","8942","4795"
"2814","3489","8942","4795"
"2814","3489","8942","4795"
"2875","3436","8897","4812"
"2875","3436","8897","4812"
"2875","3436","8897","4812"
"2875","3436","8897","4812"
"2875","3436","8897","4812"
"2875","3436","8897","4812"
"2875","3436","8897","4812"
"2875","3436","8897","4812"
"2875","3436","8897","4812"
"2875","3436","8897","4812"
"2875","3436","8897","4812"
"2875","3436","8897","4812"
"2875","3436","8897","4812"
"2937","3492","8859","4852"
"2937","3492","8859","4852"
"2937","3492","8859","4852"
"2937","3492","8859","4852"
"2937","3492","8859","4852"
"2937","3492","8859","4852"
"2937","3492","8859","4852"
"2937","3492","8859","4852"
"2937","3492","8859","4852"
"2937","3492","8859","4852"
"2937","3492","8859","4852"
"2937","3492","8859","4852"
"2937","3492","8859","4852"
"2998","3461","8859","4754"
"2998","3461","8859","4754"
"2998","3461","8859","4754"
"2998","3461","8859","4754"
"2998","3461","8859","4754"
"2998","3461","8859","4754"
"2998","3461","8859","4754"
"2998","3461","8859","4754"
"2998","3461","8859","4754"
"2998","3461","8859","4754"
"3056","3474","8896","4694"
"3056","3474","8896","4694"
"3056","3474","8896","4694"
"3056","3474","8896","4694"
"3056","3474","8896","4694"
"3056","3474","8896","4694"
"3056","3474","8896","4694"
"3056","3474","8896","4694"
"3056","3474","8896","4694"
"3056","3474","8896","4694"
"3056","3474","8896","4694"
"3056","3474","8896","4694"
"3056","3474","8896","4694"
"3117","3437","8836","4712"
"3117","3437","8836","4712"
"3117","3437","8836","4712"
"3117","3437","8836","4712"
"3117","3437","8836","4712"
"3117","3437","8836","4712"
"3117","3437","8836","4712"
"3117","3437","8836","4712"
"3117","3437","8836","4712"
"3117","3437","8836","4712"
"3117","3437","8836","4712"
"3117","3437","8836","4712"
"3117","3437","8836","4712"
"3178","3446","8836","4631"
"3178","3446","8836","4631"
"3178","3446","8836","4631"
"3178","3446","8836","4631"
"3178","3446","8836","4631"
"3178","3446","8836","4631"
"3178","3446","8836","4631"
"3178","3446","8836","4631"
"3178","3446","8836","4631"
"3178","3446","8836","4631"
"3236","3451","8808","4688"
"3236","3451","8808","4688"
"3236","3451","8808","4688"
"3236","3451","8808","4688"
"3236","3451","8808","4688"
"3236","3451","8808","4688"
"3236","3451","8808","4688"
"3236","3451","8808","4688"
"3236","3451","8808","4688"
"3236","3451","8808","4688"
"3236","3451","8808","4688"
"3236","3451","8808","4688"
"3236","3451","8808","4688"
"3297","3472","8764","4648"
"3297","3472","8764","4648"
"3297","3472","8764","4648"
"3297","3472","8764","4648"
"3297","3472","8764","4648"
"3297","3472","8764","4648"
"3297","3472","8764","4648"
"3297","3472","8764","4648"
"3297","3472","8764","4648"
"3297","3472","8764","4648"
"3297","3472","8764","4648"
"3297","3472","8764","4648"
"3297","3472","8764","4648"
"3359","3484","8748","4646"
"3359","3484","8748","4646"
"3359","3484","8748","4646"
"3359","3484","8748","4646"
"3359","3484","8748","4646"
"3359","3484","8748","4646"
"3359","3484","8748","4646"
"3359","3484","8748","4646"
"3359","3484","8748","4646"
"3359","3484","8748","4646"
"3416","3515","8740","4723"
"3416","3515","8740","4723"
"3416","3515","8740","4723"
"3416","3515","8740","4723"
"3416","3515","8740","4723"
"3416","3515","8740","4723"
"3416","3515","8740","4723"
"3416","3515","8740","4723"
"3416","3515","8740","4723"
"3416","3515","8740","4723"
"3416","3515","8740","4723"
"3416","3515","8740","4723"
"3474","2989","8662","1851"
"3474","2989","8662","1851"
"3474","2989","8662","1851"
"3474","2989","8662","1851"
"3474","2989","8662","1851"
"3474","2989","8662","1851"
"3474","2989","8662","1851"
"3474","2989","8662","1851"
"3474","2989","8662","1851"
"3474","2989","8662","1851"
"3474","2989","8662","1851"
"3474","2989","8662","1851"
"3535","3456","8660","4604"
"3535","3456","8660","4604"
"3535","3456","8660","4604"
"3535","3456","8660","4604"
"3535","3456","8660","4604"
"3535","3456","8660","4604"
"3535","3456","8660","4604"
"3535","3456","8660","4604"
"3535","3456","8660","4604"
"3535","3456","8660","4604"
"3535","3456","8660","4604"
"3588","2999","8616","1849"
"3588","2999","8616","1849"
"3588","2999","8616","1849"
"3588","2999","8616","1849"
"3588","2999","8616","1849"
"3588","2999","8616","1849"
"3588","2999","8616","1849"
"3588","2999","8616","1849"
"3588","2999","8616","1849"
"3588","2999","8616","1849"
"3588","2999","8616","1849"
"3588","2999","8616","1849"
"3588","2999","8616","1849"
"3650","3476","8613","4694"
"3650","3476","8613","4694"
"3650","3476","8613","4694"
"3650","3476","8613","4694"
"3650","3476","8613","4694"
"3650","3476","8613","4694"
"3650","3476","8613","4694"
"3650","3476","8613","4694"
"3650","3476","8613","4694"
"3650","3476","8613","4694"
"3650","3476","8613","4694"
"3650","3476","8613","4694"
"3711","2969","8523","1813"
"3711","2969","8523","1813"
"3711","2969","8523","1813"
"3711","2969","8523","1813"
"3711","2969","8523","1813"
"3711","2969","8523","1813"
"3711","2969","8523","1813"
"3711","2969","8523","1813"
"3711","2969","8523","1813"
"3711","2969","8523","1813"
"3711","2969","8523","1813"
"3711","2969","8523","1813"
"3768","2993","8504","1817"
"3768","2993","8504","1817"
"3768","2993","8504","1817"
"3768","2993","8504","1817"
"3768","2993","8504","1817"
"3768","2993","8504","1817"
"3768","2993","8504","1817"
"3768","2993","8504","1817"
"3768","2993","8504","1817"
"3768","2993","8504","1817"
"3826","3483","8498","4834"
"3826","3483","8498","4834"
"3826","3483","8498","4834"
"3826","3483","8498","4834"
"3826","3483","8498","4834"
"3826","3483","8498","4834"
"3826","3483","8498","4834"
"3826","3483","8498","4834"
"3826","3483","8498","4834"
"3826","3483","8498","4834"
"3826","3483","8498","4834"
"3826","3483","8498","4834"
"3887","3480","8480","4699"
"3887","3480","8480","4699"
"3887","3480","8480","4699"
"3887","3480","8480","4699"
"3887","3480","8480","4699"
"3887","3480","8480","4699"
"3887","3480","8480","4699"
"3887","3480","8480","4699"
"3887","3480","8480","4699"
"3887","3480","8480","4699"
"3887","3480","8480","4699"
"3887","3480","8480","4699"
"3887","3480","8480","4699"
"3948","3478","8409","4859"
"3948","3478","8409","4859"
"3948","3478","8409","4859"
"3948","3478","8409","4859"
"3948","3478","8409","4859"
"3948","3478","8409","4859"
"3948","3478","8409","4859"
"3948","3478","8409","4859"
"3948","3478","8409","4859"
"3948","3478","8409","4859"
"3948","3478","8409","4859"
"3948","3478","8409","4859"
"3948","3478","8409","4859"
"3948","3478","8409","4859"
"3948","3478","8409","4859"
"3948","3478","8409","4859"
"3948","3478","8409","4859"
"3948","3478","8409","4859"
"3948","3478","8409","4859"
"4047","3051","8358","1797"
"4047","3051","8358","1797"
"4047","3051","8358","1797"
"4047","3051","8358","1797"
"4047","3051","8358","1797"
"4047","3051","8358","1797"
"4047","3051","8358","1797"
"4047","3051","8358","1797"
"4047","3051","8358","1797"
"4047","3051","8358","1797"
"4047","3051","8358","1797"
"4047","3051","8358","1797"
"4100","3080","8350","1795"
"4100","3080","8350","1795"
"4100","3080","8350","1795"
"4100","3080","8350","1795"
"4100","3080","8350","1795"
"4100","3080","8350","1795"
"4100","3080","8350","1795"
"4100","3080","8350","1795"
"4100","3080","8350","1795"
"4100","3080","8350","1795"
"4100","3080","8350","1795"
"4100","3080","8350","1795"
"4162","3084","8346","1818"
"4162","3084","8346","1818"
"4162","3084","8346","1818"
"4162","3084","8346","1818"
"4162","3084","8346","1818"
"4162","3084","8346","1818"
"4162","3084","8346","1818"
"4162","3084","8346","1818"
"4162","3084","8346","1818"
"4162","3084","8346","1818"
"4162","3084","8346","1818"
"4162","3084","8346","1818"
"4223","3245","8401","2576"
"4223","3245","8401","2576"
"4223","3245","8401","2576"
"4223","3245","8401","2576"
"4223","3245","8401","2576"
"4223","3245","8401","2576"
"4223","3245","8401","2576"
"4223","3245","8401","2576"
"4223","3245","8401","2576"
"4223","3245","8401","2576"
"4223","3245","8401","2576"
"4223","3245","8401","2576"
"4280","3531","8314","4687"
"4280","3531","8314","4687"
"4280","3531","8314","4687"
"4280","3531","8314","4687"
"4280","3531","8314","4687"
"4280","3531","8314","4687"
"4280","3531","8314","4687"
"4280","3531","8314","4687"
"4280","3531","8314","4687"
"4280","3531","8314","4687"
"4280","3531","8314","4687"
"4280","3531","8314","4687"
"4342","3088","8244","1778"
"4342","3088","8244","1778"
"4342","3088","8244","1778"
"4342","3088","8244","1778"
"4342","3088","8244","1778"
"4342","3088","8244","1778"
"4342","3088","8244","1778"
"4342","3088","8244","1778"
"4342","3088","8244","1778"
"4342","3088","8244","1778"
"4395","3038","8225","1780"
"4395","3038","8225","1780"
"4395","3038","8225","1780"
"4395","3038","8225","1780"
"4395","3038","8225","1780"
"4395","3038","8225","1780"
"4395","3038","8225","1780"
"4395","3038","8225","1780"
"4395","3038","8225","1780"
"4395","3038","8225","1780"
"4395","3038","8225","1780"
"4395","3038","8225","1780"
"4456","3586","8224","4757"
"4456","3586","8224","4757"
"4456","3586","8224","4757"
"4456","3586","8224","4757"
"4456","3586","8224","4757"
"4456","3586","8224","4757"
"4456","3586","8224","4757"
"4456","3586","8224","4757"
"4456","3586","8224","4757"
"4456","3586","8224","4757"
"4456","3586","8224","4757"
"4456","3586","8224","4757"
"4514","3543","8161","4787"
"4514","3543","8161","4787"
"4514","3543","8161","4787"
"4514","3543","8161","4787"
"4514","3543","8161","4787"
"4514","3543","8161","4787"
"4514","3543","8161","4787"
"4514","3543","8161","4787"
"4514","3543","8161","4787"
"4514","3543","8161","4787"
"4514","3543","8161","4787"
"4514","3543","8161","4787"
"4575","3618","8136","4871"
"4575","3618","8136","4871"
"4575","3618","8136","4871"
"4575","3618","8136","4871"
"4575","3618","8136","4871"
"4575","3618","8136","4871"
"4575","3618","8136","4871"
"4575","3618","8136","4871"
"4575","3618","8136","4871"
"4575","3618","8136","4871"
"4629","3061","8054","1770"
"4629","3061","8054","1770"
"4629","3061","8054","1770"
"4629","3061","8054","1770"
"4629","3061","8054","1770"
"4629","3061","8054","1770"
"4629","3061","8054","1770"
"4629","3061","8054","1770"
"4629","3061","8054","1770"
"4629","3061","8054","1770"
"4629","3061","8054","1770"
"4629","3061","8054","1770"
"4629","3061","8054","1770"
"4690","3617","8058","4804"
"4690","3617","8058","4804"
"4690","3617","8058","4804"
"4690","3617","8058","4804"
"4690","3617","8058","4804"
"4690","3617","8058","4804"
"4690","3617","8058","4804"
"4690","3617","8058","4804"
"4690","3617","8058","4804"
"4690","3617","8058","4804"
"4690","3617","8058","4804"
"4690","3617","8058","4804"
"4690","3617","8058","4804"
"4751","3690","8060","4877"
"4751","3690","8060","4877"
"4751","3690","8060","4877"
"4751","3690","8060","4877"
"4751","3690","8060","4877"
"4751","3690","8060","4877"
"4751","3690","8060","4877"
"4751","3690","8060","4877"
"4751","3690","8060","4877"
"4751","3690","8060","4877"
"4751","3690","8060","4877"
"4751","3690","8060","4877"
"4809","3676","8056","4867"
"4809","3676","8056","4867"
"4809","3676","8056","4867"
"4809","3676","8056","4867"
"4809","3676","8056","4867"
"4809","3676","8056","4867"
"4809","3676","8056","4867"
"4809","3676","8056","4867"
"4809","3676","8056","4867"
"4809","3676","8056","4867"
"4809","3676","8056","4867"
"4809","3676","8056","4867"
"4870","3673","8023","4908"
"4870","3673","8023","4908"
"4870","3673","8023","4908"
"4870","3673","8023","4908"
"4870","3673","8023","4908"
"4870","3673","8023","4908"
"4870","3673","8023","4908"
"4870","3673","8023","4908"
"4870","3673","8023","4908"
"4870","3673","8023","4908"
"4870","3673","8023","4908"
"4870","3673","8023","4908"
"4931","3658","7999","4920"
"4931","3658","7999","4920"
"4931","3658","7999","4920"
"4931","3658","7999","4920"
"4931","3658","7999","4920"
"4931","3658","7999","4920"
"4931","3658","7999","4920"
"4931","3658","7999","4920"
"4931","3658","7999","4920"
"4931","3658","7999","4920"
"4989","3681","8014","4888"
"4989","3681","8014","4888"
"4989","3681","8014","4888"
"4989","3681","8014","4888"
"4989","3681","8014","4888"
"4989","3681","8014","4888"
"4989","3681","8014","4888"
"4989","3681","8014","4888"
"4989","3681","8014","4888"
"4989","3681","8014","4888"
"4989","3681","8014","4888"
"4989","3681","8014","4888"
"5050","3695","7964","4950"
"5050","3695","7964","4950"
"5050","3695","7964","4950"
"5050","3695","7964","4950"
"5050","3695","7964","4950"
"5050","3695","7964","4950"
"5050","3695","7964","4950"
"5050","3695","7964","4950"
"5050","3695","7964","4950"
"5050","3695","7964","4950"
"5050","3695","7964","4950"
"5050","3695","7964","4950"
"5050","3695","7964","4950"
"5050","3695","7964","4950"
"5111","3683","7984","5023"
"5111","3683","7984","5023"
"5111","3683","7984","5023"
"5111","3683","7984","5023"
"5111","3683","7984","5023"
"5111","3683","7984","5023"
"5111","3683","7984","5023"
"5111","3683","7984","5023"
"5111","3683","7984","5023"
"5111","3683","7984","5023"
"5111","3683","7984","5023"
"5111","3683","7984","5023"
"5169","3675","7943","4992"
"5169","3675","7943","4992"
"5169","3675","7943","4992"
"5169","3675","7943","4992"
"5169","3675","7943","4992"
"5169","3675","7943","4992"
"5169","3675","7943","4992"
"5169","3675","7943","4992"
"5169","3675","7943","4992"
"5169","3675","7943","4992"
"5231","3647","7911","4945"
"5231","3647","7911","4945"
"5231","3647","7911","4945"
"5231","3647","7911","4945"
"5231","3647","7911","4945"
"5231","3647","7911","4945"
"5231","3647","7911","4945"
"5231","3647","7911","4945"
"5231","3647","7911","4945"
"5231","3647","7911","4945"
"5231","3647","7911","4945"
"5231","3647","7911","4945"
"5231","3647","7911","4945"
"5292","3668","7869","4969"
"5292","3668","7869","4969"
"5292","3668","7869","4969"
"5292","3668","7869","4969"
"5292","3668","7869","4969"
"5292","3668","7869","4969"
"5292","3668","7869","4969"
"5292","3668","7869","4969"
"5292","3668","7869","4969"
"5292","3668","7869","4969"
"5292","3668","7869","4969"
"5349","3627","7855","4916"
"5349","3627","7855","4916"
"5349","3627","7855","4916"
"5349","3627","7855","4916"
"5349","3627","7855","4916"
"5349","3627","7855","4916"
"5349","3627","7855","4916"
"5349","3627","7855","4916"
"5349","3627","7855","4916"
"5349","3627","7855","4916"
"5349","3627","7855","4916"
"5349","3627","7855","4916"
"5349","3627","7855","4916"
"5349","3627","7855","4916"
"5411","3635","7822","4938"
"5411","3635","7822","4938"
"5411","3635","7822","4938"
"5411","3635","7822","4938"
"5411","3635","7822","4938"
"5411","3635","7822","4938"
"5411","3635","7822","4938"
"5411","3635","7822","4938"
"5411","3635","7822","4938"
"5411","3635","7822","4938"
"5411","3635","7822","4938"
"5411","3635","7822","4938"
"5472","3608","7809","4906"
"5472","3608","7809","4906"
"5472","3608","7809","4906"
"5472","3608","7809","4906"
"5472","3608","7809","4906"
"5472","3608","7809","4906"
"5472","3608","7809","4906"
"5472","3608","7809","4906"
"5472","3608","7809","4906"
"5472","3608","7809","4906"
"5472","3608","7809","4906"
"5472","3608","7809","4906"
"5533","3594","7767","4858"
"5533","3594","7767","4858"
"5533","3594","7767","4858"
"5533","3594","7767","4858"
"5533","3594","7767","4858"
"5533","3594","7767","4858"
"5533","3594","7767","4858"
"5533","3594","7767","4858"
"5533","3594","7767","4858"
"5533","3594","7767","4858"
"5533","3594","7767","4858"
"5533","3594","7767","4858"
"5595","3579","7720","4886"
"5595","3579","7720","4886"
"5595","3579","7720","4886"
"5595","3579","7720","4886"
"5595","3579","7720","4886"
"5595","3579","7720","4886"
"5595","3579","7720","4886"
"5595","3579","7720","4886"
"5595","3579","7720","4886"
"5595","3579","7720","4886"
"5595","3579","7720","4886"
"5595","3579","7720","4886"
"5656","3600","7683","4887"
"5656","3600","7683","4887"
"5656","3600","7683","4887"
"5656","3600","7683","4887"
"5656","3600","7683","4887"
"5656","3600","7683","4887"
"5656","3600","7683","4887"
"5656","3600","7683","4887"
"5656","3600","7683","4887"
"5656","3600","7683","4887"
"5656","3600","7683","4887"
"5656","3600","7683","4887"
"5714","3559","7655","4905"
"5714","3559","7655","4905"
"5714","3559","7655","4905"
"5714","3559","7655","4905"
"5714","3559","7655","4905"
"5714","3559","7655","4905"
"5714","3559","7655","4905"
"5714","3559","7655","4905"
"5714","3559","7655","4905"
"5714","3559","7655","4905"
"5714","3559","7655","4905"
"5714","3559","7655","4905"
"5775","3514","7620","4834"
"5775","3514","7620","4834"
"5775","3514","7620","4834"
"5775","3514","7620","4834"
"5775","3514","7620","4834"
"5775","3514","7620","4834"
"5775","3514","7620","4834"
"5775","3514","7620","4834"
"5775","3514","7620","4834"
"5775","3514","7620","4834"
"5775","3514","7620","4834"
"5775","3514","7620","4834"
"5837","3486","7603","4761"
"5837","3486","7603","4761"
"5837","3486","7603","4761"
"5837","3486","7603","4761"
"5837","3486","7603","4761"
"5837","3486","7603","4761"
"5837","3486","7603","4761"
"5837","3486","7603","4761"
"5837","3486","7603","4761"
"5837","3486","7603","4761"
"5837","3486","7603","4761"
"5837","3486","7603","4761"
"5894","3507","7558","4820"
"5894","3507","7558","4820"
"5894","3507","7558","4820"
"5894","3507","7558","4820"
"5894","3507","7558","4820"
"5894","3507","7558","4820"
"5894","3507","7558","4820"
"5894","3507","7558","4820"
"5894","3507","7558","4820"
"5894","3507","7558","4820"
"5894","3507","7558","4820"
"5894","3507","7558","4820"
"5955","3417","7498","4828"
"5955","3417","7498","4828"
"5955","3417","7498","4828"
"5955","3417","7498","4828"
"5955","3417","7498","4828"
"5955","3417","7498","4828"
"5955","3417","7498","4828"
"5955","3417","7498","4828"
"5955","3417","7498","4828"
"5955","3417","7498","4828"
"5955","3417","7498","4828"
"5955","3417","7498","4828"
"6017","3456","7497","4733"
"6017","3456","7497","4733"
"6017","3456","7497","4733"
"6017","3456","7497","4733"
"6017","3456","7497","4733"
"6017","3456","7497","4733"
"6017","3456","7497","4733"
"6017","3456","7497","4733"
"6017","3456","7497","4733"
"6017","3456","7497","4733"
"6017","3456","7497","4733"
"6017","3456","7497","4733"
"6074","3458","7466","4830"
"6074","3458","7466","4830"
"6074","3458","7466","4830"
"6074","3458","7466","4830"
"6074","3458","7466","4830"
"6074","3458","7466","4830"
"6074","3458","7466","4830"
"6074","3458","7466","4830"
"6074","3458","7466","4830"
"6074","3458","7466","4830"
"6074","3458","7466","4830"
"6074","3458","7466","4830"
"6136","3439","7442","4723"
"6136","3439","7442","4723"
"6136","3439","7442","4723"
"6136","3439","7442","4723"
"6136","3439","7442","4723"
"6136","3439","7442","4723"
"6136","3439","7442","4723"
"6136","3439","7442","4723"
"6136","3439","7442","4723"
"6136","3439","7442","4723"
"6136","3439","7442","4723"
"6136","3439","7442","4723"
"6136","3439","7442","4723"
"6197","3440","7390","4751"
"6197","3440","7390","4751"
"6197","3440","7390","4751"
"6197","3440","7390","4751"
"6197","3440","7390","4751"
"6197","3440","7390","4751"
"6197","3440","7390","4751"
"6197","3440","7390","4751"
"6197","3440","7390","4751"
"6197","3440","7390","4751"
"6197","3440","7390","4751"
"6255","3543","7283","4885"
"6255","3543","7283","4885"
"6255","3543","7283","4885"
"6255","3543","7283","4885"
"6255","3543","7283","4885"
"6255","3543","7283","4885"
"6255","3543","7283","4885"
"6255","3543","7283","4885"
"6255","3543","7283","4885"
"6255","3543","7283","4885"
"6255","3543","7283","4885"
"6255","3543","7283","4885"
"6316","3436","7331","4788"
"6316","3436","7331","4788"
"6316","3436","7331","4788"
"6316","3436","7331","4788"
"6316","3436","7331","4788"
"6316","3436","7331","4788"
"6316","3436","7331","4788"
"6316","3436","7331","4788"
"6316","3436","7331","4788"
"6316","3436","7331","4788"
"6316","3436","7331","4788"
"6316","3436","7331","4788"
"6377","3402","7375","4616"
"6377","3402","7375","4616"
"6377","3402","7375","4616"
"6377","3402","7375","4616"
"6377","3402","7375","4616"
"6377","3402","7375","4616"
"6377","3402","7375","4616"
"6377","3402","7375","4616"
"6377","3402","7375","4616"
"6377","3402","7375","4616"
"6377","3402","7375","4616"
"6377","3402","7375","4616"
"6435","3325","7315","4528"
"6435","3325","7315","4528"
"6435","3325","7315","4528"
"6435","3325","7315","4528"
"6435","3325","7315","4528"
"6435","3325","7315","4528"
"6435","3325","7315","4528"
"6435","3325","7315","4528"
"6435","3325","7315","4528"
"6435","3325","7315","4528"
"6435","3325","7315","4528"
"6435","3325","7315","4528"
"6496","3381","7338","4519"
"6496","3381","7338","4519"
"6496","3381","7338","4519"
"6496","3381","7338","4519"
"6496","3381","7338","4519"
"6496","3381","7338","4519"
"6496","3381","7338","4519"
"6496","3381","7338","4519"
"6496","3381","7338","4519"
"6496","3381","7338","4519"
"6496","3381","7338","4519"
"6496","3381","7338","4519"
"6496","3381","7338","4519"
"6557","3328","7348","4516"
"6557","3328","7348","4516"
"6557","3328","7348","4516"
"6557","3328","7348","4516"
"6557","3328","7348","4516"
"6557","3328","7348","4516"
"6557","3328","7348","4516"
"6557","3328","7348","4516"
"6557","3328","7348","4516"
"6557","3328","7348","4516"
"6557","3328","7348","4516"
"6615","3312","7302","4499"
"6615","3312","7302","4499"
"6615","3312","7302","4499"
"6615","3312","7302","4499"
"6615","3312","7302","4499"
"6615","3312","7302","4499"
"6615","3312","7302","4499"
"6615","3312","7302","4499"
"6615","3312","7302","4499"
"6615","3312","7302","4499"
"6615","3312","7302","4499"
"6615","3312","7302","4499"
"6676","3324","7325","4429"
"6676","3324","7325","4429"
"6676","3324","7325","4429"
"6676","3324","7325","4429"
"6676","3324","7325","4429"
"6676","3324","7325","4429"
"6676","3324","7325","4429"
"6676","3324","7325","4429"
"6676","3324","7325","4429"
"6676","3324","7325","4429"
"6676","3324","7325","4429"
"6676","3324","7325","4429"
"6676","3324","7325","4429"
"6738","3314","7286","4430"
"6738","3314","7286","4430"
"6738","3314","7286","4430"
"6738","3314","7286","4430"
"6738","3314","7286","4430"
"6738","3314","7286","4430"
"6738","3314","7286","4430"
"6738","3314","7286","4430"
"6738","3314","7286","4430"
"6738","3314","7286","4430"
"6738","3314","7286","4430"
"6795","3348","7239","4528"
"6795","3348","7239","4528"
"6795","3348","7239","4528"
"6795","3348","7239","4528"
"6795","3348","7239","4528"
"6795","3348","7239","4528"
"6795","3348","7239","4528"
"6795","3348","7239","4528"
"6795","3348","7239","4528"
"6795","3348","7239","4528"
"6795","3348","7239","4528"
"6795","3348","7239","4528"
"6857","3313","7171","4516"
"6857","3313","7171","4516"
"6857","3313","7171","4516"
"6857","3313","7171","4516"
"6857","3313","7171","4516"
"6857","3313","7171","4516"
"6857","3313","7171","4516"
"6857","3313","7171","4516"
"6857","3313","7171","4516"
"6857","3313","7171","4516"
"6857","3313","7171","4516"
"6857","3313","7171","4516"
"6857","3313","7171","4516"
"6918","3329","7157","4486"
"6918","3329","7157","4486"
"6918","3329","7157","4486"
"6918","3329","7157","4486"
"6918","3329","7157","4486"
"6918","3329","7157","4486"
"6918","3329","7157","4486"
"6918","3329","7157","4486"
"6918","3329","7157","4486"
"6918","3329","7157","4486"
"6918","3329","7157","4486"
"6975","3319","7110","4501"
"6975","3319","7110","4501"
"6975","3319","7110","4501"
"6975","3319","7110","4501"
"6975","3319","7110","4501"
"6975","3319","7110","4501"
"6975","3319","7110","4501"
"6975","3319","7110","4501"
"6975","3319","7110","4501"
"6975","3319","7110","4501"
"6975","3319","7110","4501"
"6975","3319","7110","4501"
"7037","3535","6962","5022"
"7037","3535","6962","5022"
"7037","3535","6962","5022"
"7037","3535","6962","5022"
"7037","3535","6962","5022"
"7037","3535","6962","5022"
"7037","3535","6962","5022"
"7037","3535","6962","5022"
"7037","3535","6962","5022"
"7037","3535","6962","5022"
"7037","3535","6962","5022"
"7037","3535","6962","5022"
"7037","3535","6962","5022"
"7098","3394","7034","4699"
"7098","3394","7034","4699"
"7098","3394","7034","4699"
"7098","3394","7034","4699"
"7098","3394","7034","4699"
"7098","3394","7034","4699"
"7098","3394","7034","4699"
"7098","3394","7034","4699"
"7098","3394","7034","4699"
"7098","3394","7034","4699"
"7098","3394","7034","4699"
"7098","3394","7034","4699"
"7159","3377","7016","4699"
"7159","3377","7016","4699"
"7159","3377","7016","4699"
"7159","3377","7016","4699"
"7159","3377","7016","4699"
"7159","3377","7016","4699"
"7159","3377","7016","4699"
"7159","3377","7016","4699"
"7159","3377","7016","4699"
"7159","3377","7016","4699"
"7159","3377","7016","4699"
"7217","3392","6994","4704"
"7217","3392","6994","4704"
"7217","3392","6994","4704"
"7217","3392","6994","4704"
"7217","3392","6994","4704"
"7217","3392","6994","4704"
"7217","3392","6994","4704"
"7217","3392","6994","4704"
"7217","3392","6994","4704"
"7217","3392","6994","4704"
"7217","3392","6994","4704"
"7217","3392","6994","4704"
"7217","3392","6994","4704"
"7217","3392","6994","4704"
"7278","3381","6972","4715"
"7278","3381","6972","4715"
"7278","3381","6972","4715"
"7278","3381","6972","4715"
"7278","3381","6972","4715"
"7278","3381","6972","4715"
"7278","3381","6972","4715"
"7278","3381","6972","4715"
"7278","3381","6972","4715"
"7278","3381","6972","4715"
"7278","3381","6972","4715"
"7340","3387","6964","4653"
"7340","3387","6964","4653"
"7340","3387","6964","4653"
"7340","3387","6964","4653"
"7340","3387","6964","4653"
"7340","3387","6964","4653"
"7340","3387","6964","4653"
"7340","3387","6964","4653"
"7340","3387","6964","4653"
"7340","3387","6964","4653"
"7340","3387","6964","4653"
"7397","3403","6951","4643"
"7397","3403","6951","4643"
"7397","3403","6951","4643"
"7397","3403","6951","4643"
"7397","3403","6951","4643"
"7397","3403","6951","4643"
"7397","3403","6951","4643"
"7397","3403","6951","4643"
"7397","3403","6951","4643"
"7397","3403","6951","4643"
"7397","3403","6951","4643"
"7397","3403","6951","4643"
"7397","3403","6951","4643"
"7458","3398","6915","4677"
"7458","3398","6915","4677"
"7458","3398","6915","4677"
"7458","3398","6915","4677"
"7458","3398","6915","4677"
"7458","3398","6915","4677"
"7458","3398","6915","4677"
"7458","3398","6915","4677"
"7458","3398","6915","4677"
"7458","3398","6915","4677"
"7458","3398","6915","4677"
"7458","3398","6915","4677"
"7520","3398","6919","4586"
"7520","3398","6919","4586"
"7520","3398","6919","4586"
"7520","3398","6919","4586"
"7520","3398","6919","4586"
"7520","3398","6919","4586"
"7520","3398","6919","4586"
"7520","3398","6919","4586"
"7520","3398","6919","4586"
"7520","3398","6919","4586"
"7520","3398","6919","4586"
"7577","3429","6898","4731"
"7577","3429","6898","4731"
"7577","3429","6898","4731"
"7577","3429","6898","4731"
"7577","3429","6898","4731"
"7577","3429","6898","4731"
"7577","3429","6898","4731"
"7577","3429","6898","4731"
"7577","3429","6898","4731"
"7577","3429","6898","4731"
"7577","3429","6898","4731"
"7577","3429","6898","4731"
"7577","3429","6898","4731"
"7639","3505","6830","4763"
"7639","3505","6830","4763"
"7639","3505","6830","4763"
"7639","3505","6830","4763"
"7639","3505","6830","4763"
"7639","3505","6830","4763"
"7639","3505","6830","4763"
"7639","3505","6830","4763"
"7639","3505","6830","4763"
"7639","3505","6830","4763"
"7639","3505","6830","4763"
"7639","3505","6830","4763"
"7700","3466","6805","4749"
"7700","3466","6805","4749"
"7700","3466","6805","4749"
"7700","3466","6805","4749"
"7700","3466","6805","4749"
"7700","3466","6805","4749"
"7700","3466","6805","4749"
"7700","3466","6805","4749"
"7700","3466","6805","4749"
"7700","3466","6805","4749"
"7700","3466","6805","4749"
"7758","3673","6686","5083"
"7758","3673","6686","5083"
"7758","3673","6686","5083"
"7758","3673","6686","5083"
"7758","3673","6686","5083"
"7758","3673","6686","5083"
"7758","3673","6686","5083"
"7758","3673","6686","5083"
"7758","3673","6686","5083"
"7758","3673","6686","5083"
"7758","3673","6686","5083"
"7758","3673","6686","5083"
"7758","3673","6686","5083"
"7758","3673","6686","5083"
"7819","3562","6721","4818"
"7819","3562","6721","4818"
"7819","3562","6721","4818"
"7819","3562","6721","4818"
"7819","3562","6721","4818"
"7819","3562","6721","4818"
"7819","3562","6721","4818"
"7819","3562","6721","4818"
"7819","3562","6721","4818"
"7819","3562","6721","4818"
"7876","3621","6673","5028"
"7876","3621","6673","5028"
"7876","3621","6673","5028"
"7876","3621","6673","5028"
"7876","3621","6673","5028"
"7876","3621","6673","5028"
"7876","3621","6673","5028"
"7876","3621","6673","5028"
"7876","3621","6673","5028"
"7876","3621","6673","5028"
"7876","3621","6673","5028"
"7876","3621","6673","5028"
"7938","3558","6695","4856"
"7938","3558","6695","4856"
"7938","3558","6695","4856"
"7938","3558","6695","4856"
"7938","3558","6695","4856"
"7938","3558","6695","4856"
"7938","3558","6695","4856"
"7938","3558","6695","4856"
"7938","3558","6695","4856"
"7938","3558","6695","4856"
"7938","3558","6695","4856"
"7938","3558","6695","4856"
"7938","3558","6695","4856"
"7999","3571","6673","4947"
"7999","3571","6673","4947"
"7999","3571","6673","4947"
"7999","3571","6673","4947"
"7999","3571","6673","4947"
"7999","3571","6673","4947"
"7999","3571","6673","4947"
"7999","3571","6673","4947"
"7999","3571","6673","4947"
"7999","3571","6673","4947"
"7999","3571","6673","4947"
"8057","3602","6672","5007"
"8057","3602","6672","5007"
"8057","3602","6672","5007"
"8057","3602","6672","5007"
"8057","3602","6672","5007"
"8057","3602","6672","5007"
"8057","3602","6672","5007"
"8057","3602","6672","5007"
"8057","3602","6672","5007"
"8057","3602","6672","5007"
"8057","3602","6672","5007"
"8110","2968","6667","1583"
"8110","2968","6667","1583"
"8110","2968","6667","1583"
"8110","2968","6667","1583"
"8110","2968","6667","1583"
"8110","2968","6667","1583"
"8110","2968","6667","1583"
"8110","2968","6667","1583"
"8110","2968","6667","1583"
"8110","2968","6667","1583"
"8110","2968","6667","1583"
"8110","2968","6667","1583"
"8110","2968","6667","1583"
"8171","3619","6665","5068"
"8171","3619","6665","5068"
"8171","3619","6665","5068"
"8171","3619","6665","5068"
"8171","3619","6665","5068"
"8171","3619","6665","5068"
"8171","3619","6665","5068"
"8171","3619","6665","5068"
"8171","3619","6665","5068"
"8171","3619","6665","5068"
"8171","3619","6665","5068"
"8171","3619","6665","5068"
"8233","3673","6617","5024"
"8233","3673","6617","5024"
"8233","3673","6617","5024"
"8233","3673","6617","5024"
"8233","3673","6617","5024"
"8233","3673","6617","5024"
"8233","3673","6617","5024"
"8233","3673","6617","5024"
"8233","3673","6617","5024"
"8233","3673","6617","5024"
"8233","3673","6617","5024"
"8290","3688","6600","5071"
"8290","3688","6600","5071"
"8290","3688","6600","5071"
"8290","3688","6600","5071"
"8290","3688","6600","5071"
"8290","3688","6600","5071"
"8290","3688","6600","5071"
"8290","3688","6600","5071"
"8290","3688","6600","5071"
"8290","3688","6600","5071"
"8290","3688","6600","5071"
"8290","3688","6600","5071"
"8290","3688","6600","5071"
"8351","3636","6619","5027"
"8351","3636","6619","5027"
"8351","3636","6619","5027"
"8351","3636","6619","5027"
"8351","3636","6619","5027"
"8351","3636","6619","5027"
"8351","3636","6619","5027"
"8351","3636","6619","5027"
"8351","3636","6619","5027"
"8351","3636","6619","5027"
"8351","3636","6619","5027"
"8351","3636","6619","5027"
"8413","3691","6598","5120"
"8413","3691","6598","5120"
"8413","3691","6598","5120"
"8413","3691","6598","5120"
"8413","3691","6598","5120"
"8413","3691","6598","5120"
"8413","3691","6598","5120"
"8413","3691","6598","5120"
"8413","3691","6598","5120"
"8413","3691","6598","5120"
"8413","3691","6598","5120"
"8470","3568","6644","5003"
"8470","3568","6644","5003"
"8470","3568","6644","5003"
"8470","3568","6644","5003"
"8470","3568","6644","5003"
"8470","3568","6644","5003"
"8470","3568","6644","5003"
"8470","3568","6644","5003"
"8470","3568","6644","5003"
"8470","3568","6644","5003"
"8470","3568","6644","5003"
"8470","3568","6644","5003"
"8470","3568","6644","5003"
"8532","3613","6653","5005"
"8532","3613","6653","5005"
"8532","3613","6653","5005"
"8532","3613","6653","5005"
"8532","3613","6653","5005"
"8532","3613","6653","5005"
"8532","3613","6653","5005"
"8532","3613","6653","5005"
"8532","3613","6653","5005"
"8532","3613","6653","5005"
"8532","3613","6653","5005"
"8532","3613","6653","5005"
"8593","3550","6712","4863"
"8593","3550","6712","4863"
"8593","3550","6712","4863"
"8593","3550","6712","4863"
"8593","3550","6712","4863"
"8593","3550","6712","4863"
"8593","3550","6712","4863"
"8593","3550","6712","4863"
"8593","3550","6712","4863"
"8593","3550","6712","4863"
"8593","3550","6712","4863"
"8650","3598","6631","4951"
"8650","3598","6631","4951"
"8650","3598","6631","4951"
"8650","3598","6631","4951"
"8650","3598","6631","4951"
"8650","3598","6631","4951"
"8650","3598","6631","4951"
"8650","3598","6631","4951"
"8650","3598","6631","4951"
"8650","3598","6631","4951"
"8650","3598","6631","4951"
"8650","3598","6631","4951"
"8650","3598","6631","4951"
"8712","3687","6587","5072"
"8712","3687","6587","5072"
"8712","3687","6587","5072"
"8712","3687","6587","5072"
"8712","3687","6587","5072"
"8712","3687","6587","5072"
"8712","3687","6587","5072"
"8712","3687","6587","5072"
"8712","3687","6587","5072"
"8712","3687","6587","5072"
"8712","3687","6587","5072"
"8712","3687","6587","5072"
"8773","3600","6644","5036"
"8773","3600","6644","5036"
"8773","3600","6644","5036"
"8773","3600","6644","5036"
"8773","3600","6644","5036"
"8773","3600","6644","5036"
"8773","3600","6644","5036"
"8773","3600","6644","5036"
"8773","3600","6644","5036"
"8773","3600","6644","5036"
"8831","3579","6705","4862"
"8831","3579","6705","4862"
"8831","3579","6705","4862"
"8831","3579","6705","4862"
"8831","3579","6705","4862"
"8831","3579","6705","4862"
"8831","3579","6705","4862"
"8831","3579","6705","4862"
"8831","3579","6705","4862"
"8831","3579","6705","4862"
"8831","3579","6705","4862"
"8831","3579","6705","4862"
"8831","3579","6705","4862"
"8892","3502","6769","4767"
"8892","3502","6769","4767"
"8892","3502","6769","4767"
"8892","3502","6769","4767"
"8892","3502","6769","4767"
"8892","3502","6769","4767"
"8892","3502","6769","4767"
"8892","3502","6769","4767"
"8892","3502","6769","4767"
"8892","3502","6769","4767"
"8892","3502","6769","4767"
"8892","3502","6769","4767"
"8953","3459","6823","4678"
"8953","3459","6823","4678"
"8953","3459","6823","4678"
"8953","3459","6823","4678"
"8953","3459","6823","4678"
"8953","3459","6823","4678"
"8953","3459","6823","4678"
"8953","3459","6823","4678"
"8953","3459","6823","4678"
"8953","3459","6823","4678"
"8953","3459","6823","4678"
"9011","3717","6597","5073"
"9011","3717","6597","5073"
"9011","3717","6597","5073"
"9011","3717","6597","5073"
"9011","3717","6597","5073"
"9011","3717","6597","5073"
"9011","3717","6597","5073"
"9011","3717","6597","5073"
"9011","3717","6597","5073"
"9011","3717","6597","5073"
"9011","3717","6597","5073"
"9011","3717","6597","5073"
"9011","3717","6597","5073"
"9072","3588","6682","4887"
"9072","3588","6682","4887"
"9072","3588","6682","4887"
"9072","3588","6682","4887"
"9072","3588","6682","4887"
"9072","3588","6682","4887"
"9072","3588","6682","4887"
"9072","3588","6682","4887"
"9072","3588","6682","4887"
"9072","3588","6682","4887"
"9072","3588","6682","4887"
"9130","3479","6736","4750"
"9130","3479","6736","4750"
"9130","3479","6736","4750"
"9130","3479","6736","4750"
"9130","3479","6736","4750"
"9130","3479","6736","4750"
"9130","3479","6736","4750"
"9130","3479","6736","4750"
"9130","3479","6736","4750"
"9130","3479","6736","4750"
"9130","3479","6736","4750"
"9130","3479","6736","4750"
"9191","3500","6751","4738"
"9191","3500","6751","4738"
"9191","3500","6751","4738"
"9191","3500","6751","4738"
"9191","3500","6751","4738"
"9191","3500","6751","4738"
"9191","3500","6751","4738"
"9191","3500","6751","4738"
"9191","3500","6751","4738"
"9191","3500","6751","4738"
"9191","3500","6751","4738"
"9191","3500","6751","4738"
"9191","3500","6751","4738"
"9252","3663","6633","5035"
"9252","3663","6633","5035"
"9252","3663","6633","5035"
"9252","3663","6633","5035"
"9252","3663","6633","5035"
"9252","3663","6633","5035"
"9252","3663","6633","5035"
"9252","3663","6633","5035"
"9252","3663","6633","5035"
"9252","3663","6633","5035"
"9252","3663","6633","5035"
"9252","3663","6633","5035"
"9314","3651","6604","5053"
"9314","3651","6604","5053"
"9314","3651","6604","5053"
"9314","3651","6604","5053"
"9314","3651","6604","5053"
"9314","3651","6604","5053"
"9314","3651","6604","5053"
"9314","3651","6604","5053"
"9314","3651","6604","5053"
"9314","3651","6604","5053"
"9314","3651","6604","5053"
"9314","3651","6604","5053"
"9314","3651","6604","5053"
"9371","3624","6626","5005"
"9371","3624","6626","5005"
"9371","3624","6626","5005"
"9371","3624","6626","5005"
"9371","3624","6626","5005"
"9371","3624","6626","5005"
"9371","3624","6626","5005"
"9371","3624","6626","5005"
"9371","3624","6626","5005"
"9371","3624","6626","5005"
"9371","3624","6626","5005"
"9433","3638","6620","4975"
"9433","3638","6620","4975"
"9433","3638","6620","4975"
"9433","3638","6620","4975"
"9433","3638","6620","4975"
"9433","3638","6620","4975"
"9433","3638","6620","4975"
"9433","3638","6620","4975"
"9433","3638","6620","4975"
"9433","3638","6620","4975"
"9433","3638","6620","4975"
"9494","3688","6604","5066"
"9494","3688","6604","5066"
"9494","3688","6604","5066"
"9494","3688","6604","5066"
"9494","3688","6604","5066"
"9494","3688","6604","5066"
"9494","3688","6604","5066"
"9494","3688","6604","5066"
"9494","3688","6604","5066"
"9494","3688","6604","5066"
"9494","3688","6604","5066"
"9494","3688","6604","5066"
"9494","3688","6604","5066"
"9555","3603","6638","4953"
"9555","3603","6638","4953"
"9555","3603","6638","4953"
"9555","3603","6638","4953"
"9555","3603","6638","4953"
"9555","3603","6638","4953"
"9555","3603","6638","4953"
"9555","3603","6638","4953"
"9555","3603","6638","4953"
"9555","3603","6638","4953"
"9555","3603","6638","4953"
"9555","3603","6638","4953"
"9613","3517","6743","4749"
"9613","3517","6743","4749"
"9613","3517","6743","4749"
"9613","3517","6743","4749"
"9613","3517","6743","4749"
"9613","3517","6743","4749"
"9613","3517","6743","4749"
"9613","3517","6743","4749"
"9613","3517","6743","4749"
"9613","3517","6743","4749"
"9613","3517","6743","4749"
"9613","3517","6743","4749"
"9670","3686","6863","-347"
"9670","3686","6863","-347"
"9670","3686","6863","-347"
"9670","3686","6863","-347"
"9670","3686","6863","-347"
"9670","3686","6863","-347"
"9670","3686","6863","-347"
"9670","3686","6863","-347"
"9670","3686","6863","-347"
"9670","3686","6863","-347"
"9670","3686","6863","-347"
"9732","3705","6804","-397"
"9732","3705","6804","-397"
"9732","3705","6804","-397"
"9732","3705","6804","-397"
"9732","3705","6804","-397"
"9732","3705","6804","-397"
"9732","3705","6804","-397"
"9732","3705","6804","-397"
"9732","3705","6804","-397"
"9732","3705","6804","-397"
"9732","3705","6804","-397"
"9732","3705","6804","-397"
"9732","3705","6804","-397"
"9793","3660","6592","5035"
"9793","3660","6592","5035"
"9793","3660","6592","5035"
"9793","3660","6592","5035"
"9793","3660","6592","5035"
"9793","3660","6592","5035"
"9793","3660","6592","5035"
"9793","3660","6592","5035"
"9793","3660","6592","5035"
"9793","3660","6592","5035"
"9793","3660","6592","5035"
"9851","3590","6886","-268"
"9851","3590","6886","-268"
"9851","3590","6886","-268"
"9851","3590","6886","-268"
"9851","3590","6886","-268"
"9851","3590","6886","-268"
"9851","3590","6886","-268"
"9851","3590","6886","-268"
"9851","3590","6886","-268"
"9851","3590","6886","-268"
"9851","3590","6886","-268"
"9851","3590","6886","-268"
"9908","3590","6900","-294"
"9908","3590","6900","-294"
"9908","3590","6900","-294"
"9908","3590","6900","-294"
"9908","3590","6900","-294"
"9908","3590","6900","-294"
"9908","3590","6900","-294"
"9908","3590","6900","-294"
"9908","3590","6900","-294"
"9908","3590","6900","-294"
"9908","3590","6900","-294"
"9908","3590","6900","-294"
"9965","3622","6878","-276"
"9965","3622","6878","-276"
"9965","3622","6878","-276"
"9965","3622","6878","-276"
"9965","3622","6878","-276"
"9965","3622","6878","-276"
"9965","3622","6878","-276"
"9965","3622","6878","-276"
"9965","3622","6878","-276"
"9965","3622","6878","-276"
"9965","3622","6878","-276"
"9965","3622","6878","-276"
"10022","3634","6645","5036"
"10022","3634","6645","5036"
"10022","3634","6645","5036"
"10022","3634","6645","5036"
"10022","3634","6645","5036"
"10022","3634","6645","5036"
"10022","3634","6645","5036"
"10022","3634","6645","5036"
"10022","3634","6645","5036"
"10022","3634","6645","5036"
"10022","3634","6645","5036"
"10022","3634","6645","5036"
"10084","3652","6886","-253"
"10084","3652","6886","-253"
"10084","3652","6886","-253"
"10084","3652","6886","-253"
"10084","3652","6886","-253"
"10084","3652","6886","-253"
"10084","3652","6886","-253"
"10084","3652","6886","-253"
"10084","3652","6886","-253"
"10084","3652","6886","-253"
"10084","3652","6886","-253"
"10084","3652","6886","-253"
"10084","3652","6886","-253"
"10149","4028","6574","-903"
"10149","4028","6574","-903"
"10149","4028","6574","-903"
"10149","4028","6574","-903"
"10149","4028","6574","-903"
"10149","4028","6574","-903"
"10149","4028","6574","-903"
"10149","4028","6574","-903"
"10149","4028","6574","-903"
"10149","4028","6574","-903"
"10149","4028","6574","-903"
"10207","3710","6826","-383"
"10207","3710","6826","-383"
"10207","3710","6826","-383"
"10207","3710","6826","-383"
"10207","3710","6826","-383"
"10207","3710","6826","-383"
"10207","3710","6826","-383"
"10207","3710","6826","-383"
"10207","3710","6826","-383"
"10207","3710","6826","-383"
"10207","3710","6826","-383"
"10207","3710","6826","-383"
"10264","3616","6906","-301"
"10264","3616","6906","-301"
"10264","3616","6906","-301"
"10264","3616","6906","-301"
"10264","3616","6906","-301"
"10264","3616","6906","-301"
"10264","3616","6906","-301"
"10264","3616","6906","-301"
"10264","3616","6906","-301"
"10264","3616","6906","-301"
"10321","3706","6846","-335"
"10321","3706","6846","-335"
"10321","3706","6846","-335"
"10321","3706","6846","-335"
"10321","3706","6846","-335"
"10321","3706","6846","-335"
"10321","3706","6846","-335"
"10321","3706","6846","-335"
"10321","3706","6846","-335"
"10321","3706","6846","-335"
"10321","3706","6846","-335"
"10321","3706","6846","-335"
"10321","3706","6846","-335"
"10321","3706","6846","-335"
"10383","3754","6538","5141"
"10383","3754","6538","5141"
"10383","3754","6538","5141"
"10383","3754","6538","5141"
"10383","3754","6538","5141"
"10383","3754","6538","5141"
"10383","3754","6538","5141"
"10383","3754","6538","5141"
"10383","3754","6538","5141"
"10383","3754","6538","5141"
"10383","3754","6538","5141"
"10383","3754","6538","5141"
"10445","3535","6927","-101"
"10445","3535","6927","-101"
"10445","3535","6927","-101"
"10445","3535","6927","-101"
"10445","3535","6927","-101"
"10445","3535","6927","-101"
"10445","3535","6927","-101"
"10445","3535","6927","-101"
"10445","3535","6927","-101"
"10445","3535","6927","-101"
"10498","3670","6822","-341"
"10498","3670","6822","-341"
"10498","3670","6822","-341"
"10498","3670","6822","-341"
"10498","3670","6822","-341"
"10498","3670","6822","-341"
"10498","3670","6822","-341"
"10498","3670","6822","-341"
"10498","3670","6822","-341"
"10498","3670","6822","-341"
"10498","3670","6822","-341"
"10498","3670","6822","-341"
"10555","3666","6868","-333"
"10555","3666","6868","-333"
"10555","3666","6868","-333"
"10555","3666","6868","-333"
"10555","3666","6868","-333"
"10555","3666","6868","-333"
"10555","3666","6868","-333"
"10555","3666","6868","-333"
"10555","3666","6868","-333"
"10555","3666","6868","-333"
"10555","3666","6868","-333"
"10608","3642","6878","-280"
"10608","3642","6878","-280"
"10608","3642","6878","-280"
"10608","3642","6878","-280"
"10608","3642","6878","-280"
"10608","3642","6878","-280"
"10608","3642","6878","-280"
"10608","3642","6878","-280"
"10608","3642","6878","-280"
"10608","3642","6878","-280"
"10608","3642","6878","-280"
"10666","3650","6856","-326"
"10666","3650","6856","-326"
"10666","3650","6856","-326"
"10666","3650","6856","-326"
"10666","3650","6856","-326"
"10666","3650","6856","-326"
"10666","3650","6856","-326"
"10666","3650","6856","-326"
"10666","3650","6856","-326"
"10666","3650","6856","-326"
"10666","3650","6856","-326"
"10666","3650","6856","-326"
"10723","3680","6841","-267"
"10723","3680","6841","-267"
"10723","3680","6841","-267"
"10723","3680","6841","-267"
"10723","3680","6841","-267"
"10723","3680","6841","-267"
"10723","3680","6841","-267"
"10723","3680","6841","-267"
"10723","3680","6841","-267"
"10723","3680","6841","-267"
"10723","3680","6841","-267"
"10780","3585","6892","-227"
"10780","3585","6892","-227"
"10780","3585","6892","-227"
"10780","3585","6892","-227"
"10780","3585","6892","-227"
"10780","3585","6892","-227"
"10780","3585","6892","-227"
"10780","3585","6892","-227"
"10780","3585","6892","-227"
"10780","3585","6892","-227"
"10780","3585","6892","-227"
"10837","3674","6844","-280"
"10837","3674","6844","-280"
"10837","3674","6844","-280"
"10837","3674","6844","-280"
"10837","3674","6844","-280"
"10837","3674","6844","-280"
"10837","3674","6844","-280"
"10837","3674","6844","-280"
"10837","3674","6844","-280"
"10837","3674","6844","-280"
"10837","3674","6844","-280"
"10837","3674","6844","-280"
"10895","3654","6646","4947"
"10895","3654","6646","4947"
"10895","3654","6646","4947"
"10895","3654","6646","4947"
"10895","3654","6646","4947"
"10895","3654","6646","4947"
"10895","3654","6646","4947"
"10895","3654","6646","4947"
"10895","3654","6646","4947"
"10895","3654","6646","4947"
"10895","3654","6646","4947"
"10895","3654","6646","4947"
"10957","3754","6559","5081"
"10957","3754","6559","5081"
"10957","3754","6559","5081"
"10957","3754","6559","5081"
"10957","3754","6559","5081"
"10957","3754","6559","5081"
"10957","3754","6559","5081"
"10957","3754","6559","5081"
"10957","3754","6559","5081"
"10957","3754","6559","5081"
"10957","3754","6559","5081"
"10957","3754","6559","5081"
"11014","3582","6948","-145"
